-- set date style
set datestyle = 'DMY';

-- add test persons
insert into dbo.dm_persons (person_id, ssda903_id, nhs_id, scn_id, upn_id, former_upn_id, full_name, title, first_name, last_name, date_of_birth, date_of_death, gender, restricted, person_id_legacy, full_ethnicity_code, country_of_birth_code, is_child_legacy, is_adult_legacy, nationality, religion, marital_status, first_language, fluency_in_english, email_address, context_flag, scra_id, interpreter_required, from_dm_person) values (7, '6298688113', '7589619035', '523049769', '8794578580355', '3870601053985', 'Birgit Gaylard', 'Ms', 'Birgit', 'Gaylard', '1976-05-12T08:10:37Z', '1912-11-27T05:36:40Z', 'F', 'Y', 74, 'B.B2', 'SI', 'Y', 'Y', 'Somali', 'Atheist', 'Widowed', 'Luxembourgish', 'N', 'bgaylard0@sina.com.cn', 'A', '1536125370280', 'N', 'N');
insert into dbo.dm_persons (person_id, ssda903_id, nhs_id, scn_id, upn_id, former_upn_id, full_name, title, first_name, last_name, date_of_birth, date_of_death, gender, restricted, person_id_legacy, full_ethnicity_code, country_of_birth_code, is_child_legacy, is_adult_legacy, nationality, religion, marital_status, first_language, fluency_in_english, email_address, context_flag, scra_id, interpreter_required, from_dm_person) values (78, '9484164441', '9707109432', '586651054', '3408835010317', '0782557414440', 'Yank Snelgrove', 'Ms', 'Yank', 'Snelgrove', '1998-02-03T22:18:44Z', '1938-02-01T11:21:00Z', 'M', 'Y', 70, 'E.E2', 'CY', 'N', 'Y', 'Hungarian', 'Other', 'Married', 'Danish', 'N', 'ysnelgrove1@alibaba.com', 'C', '3449792366736', 'N', 'N');
insert into dbo.dm_persons (person_id, ssda903_id, nhs_id, scn_id, upn_id, former_upn_id, full_name, title, first_name, last_name, date_of_birth, date_of_death, gender, restricted, person_id_legacy, full_ethnicity_code, country_of_birth_code, is_child_legacy, is_adult_legacy, nationality, religion, marital_status, first_language, fluency_in_english, email_address, context_flag, scra_id, interpreter_required, from_dm_person) values (70, '6181852965', '5818660834', '908291915', '8913998322761', null, 'Eliza Ganforth', 'Mrs', 'Eliza', 'Ganforth', '1957-11-29T16:43:38Z', '1972-12-19T10:17:54Z', 'F', 'N', 43, 'B.B3', 'ID', 'Y', 'N', 'Belarusian', 'Buddhist', 'Married', 'Northern Sotho', 'N', 'eganforth2@facebook.com', 'A', '1237723455250', 'Y', 'N');
insert into dbo.dm_persons (person_id, ssda903_id, nhs_id, scn_id, upn_id, former_upn_id, full_name, title, first_name, last_name, date_of_birth, date_of_death, gender, restricted, person_id_legacy, full_ethnicity_code, country_of_birth_code, is_child_legacy, is_adult_legacy, nationality, religion, marital_status, first_language, fluency_in_english, email_address, context_flag, scra_id, interpreter_required, from_dm_person) values (71, '5544099348', '0788448870', '601568222', '6855298409854', '2073096793145', 'Maryanna Cogdon', 'Dr', 'Maryanna', 'Cogdon', '1943-12-30T12:33:59Z', '1953-05-18T06:57:36Z', 'F', 'Y', 71, 'C.C4', 'EG', 'Y', 'N', 'Emirian', 'Christian', 'Widowed', 'Kannada', 'N', 'mcogdon3@digg.com', 'C', '5244563164332', 'Y', 'Y');
insert into dbo.dm_persons (person_id, ssda903_id, nhs_id, scn_id, upn_id, former_upn_id, full_name, title, first_name, last_name, date_of_birth, date_of_death, gender, restricted, person_id_legacy, full_ethnicity_code, country_of_birth_code, is_child_legacy, is_adult_legacy, nationality, religion, marital_status, first_language, fluency_in_english, email_address, context_flag, scra_id, interpreter_required, from_dm_person) values (26, '6988540728', '7344549530', '575378072', '5837729951682', null, 'Leo Dewan', 'Rev', 'Leo', 'Dewan', '1960-05-20T11:41:46Z', '1959-12-22T04:47:44Z', 'M', 'Y', 11, 'A.A4', 'CN', 'Y', 'N', 'Sierra Leonean', 'Jewish', 'Divorced', 'Malayalam', 'N', 'ldewan4@ted.com', 'C', '3761705735220', 'Y', 'Y');
insert into dbo.dm_persons (person_id, ssda903_id, nhs_id, scn_id, upn_id, former_upn_id, full_name, title, first_name, last_name, date_of_birth, date_of_death, gender, restricted, person_id_legacy, full_ethnicity_code, country_of_birth_code, is_child_legacy, is_adult_legacy, nationality, religion, marital_status, first_language, fluency_in_english, email_address, context_flag, scra_id, interpreter_required, from_dm_person) values (97, '8595701735', '2582244708', '394223669', '1151660894437', null, 'Bernadene Girkins', 'Mr', 'Bernadene', 'Girkins', '1981-06-12T15:36:55Z', '1948-11-23T14:47:55Z', 'F', 'N', 73, 'A.A17', 'PH', 'N', 'Y', 'Romanian', 'Other', 'Divorced', 'Gujarati', 'N', 'bgirkins5@github.io', 'A', '2856702885198', 'N', 'Y');
insert into dbo.dm_persons (person_id, ssda903_id, nhs_id, scn_id, upn_id, former_upn_id, full_name, title, first_name, last_name, date_of_birth, date_of_death, gender, restricted, person_id_legacy, full_ethnicity_code, country_of_birth_code, is_child_legacy, is_adult_legacy, nationality, religion, marital_status, first_language, fluency_in_english, email_address, context_flag, scra_id, interpreter_required, from_dm_person) values (19, '0597018144', '9034481271', '386564290', '4284413128692', null, 'Cristobal Cawdell', 'Ms', 'Cristobal', 'Cawdell', '2009-03-25T15:45:18Z', '1912-01-13T19:25:17Z', 'M', 'N', 4, 'A.A20', 'CN', 'N', 'N', 'Belizean', 'Other', 'Divorced', 'Haitian Creole', 'N', 'ccawdell6@about.me', 'C', '6930935904646', 'N', 'Y');
insert into dbo.dm_persons (person_id, ssda903_id, nhs_id, scn_id, upn_id, former_upn_id, full_name, title, first_name, last_name, date_of_birth, date_of_death, gender, restricted, person_id_legacy, full_ethnicity_code, country_of_birth_code, is_child_legacy, is_adult_legacy, nationality, religion, marital_status, first_language, fluency_in_english, email_address, context_flag, scra_id, interpreter_required, from_dm_person) values (35, '3037633271', '0503185132', '665247959', '2113079269746', '2424841626773', 'Matthias Fuge', 'Ms', 'Matthias', 'Fuge', '1925-03-18T09:24:39Z', '1938-07-08T11:27:09Z', 'M', 'N', 58, 'A.A2', 'ID', 'N', 'Y', 'Saudi', 'Muslim', 'Divorced', 'Malagasy', 'Y', 'mfuge7@google.cn', 'A', '2204748718859', 'Y', 'Y');
insert into dbo.dm_persons (person_id, ssda903_id, nhs_id, scn_id, upn_id, former_upn_id, full_name, title, first_name, last_name, date_of_birth, date_of_death, gender, restricted, person_id_legacy, full_ethnicity_code, country_of_birth_code, is_child_legacy, is_adult_legacy, nationality, religion, marital_status, first_language, fluency_in_english, email_address, context_flag, scra_id, interpreter_required, from_dm_person) values (21, '5475796986', '5778671512', '449164390', '9056766225956', '1935534983152', 'Estrella Kidman', 'Dr', 'Estrella', 'Kidman', '1996-01-28T18:48:57Z', '1926-11-25T23:30:36Z', 'F', 'Y', 49, 'B.B9', 'BR', 'N', 'Y', 'Jamaican', 'Hindu', 'Widowed', 'Hiri Motu', 'N', 'ekidman8@examiner.com', 'A', '0251163874514', 'N', 'N');
insert into dbo.dm_persons (person_id, ssda903_id, nhs_id, scn_id, upn_id, former_upn_id, full_name, title, first_name, last_name, date_of_birth, date_of_death, gender, restricted, person_id_legacy, full_ethnicity_code, country_of_birth_code, is_child_legacy, is_adult_legacy, nationality, religion, marital_status, first_language, fluency_in_english, email_address, context_flag, scra_id, interpreter_required, from_dm_person) values (88, '1927182797', '2653948990', '863153421', '4145596366704', null, 'Silvester Camplejohn', 'Dr', 'Silvester', 'Camplejohn', '1969-02-03T19:53:17Z', '2004-10-12T11:37:04Z', 'M', 'Y', 68, 'A.A3', 'PK', 'N', 'Y', 'Eritrean', 'Atheist', 'Married', 'Thai', 'Y', 'scamplejohn9@google.co.jp', 'C', '2152428503363', 'N', 'Y');

-- add test addresses
insert into dbo.dm_addresses (ref_addresses_people_id, ref_address_id, person_id, start_date, end_date, address, post_code, district, paf_authority, ward, is_in_la_area, address_type, is_contact_address, is_display_address, housing_tenure, is_hmo, oz_lga_name, oz_lga_number, oz_sla_id, oz_lhd_id, oz_hacc_id, oz_phams_id, access_notes, easting, northing, unique_id, from_dm_person) values (67, 38, 71, '2020-03-06T08:04:33Z', '2079-07-31T03:13:01Z', '740 Anniversary Alley', 'E5 9QN', 'South Hackney', null, 'Lea Bridge', 'Y', null, 'N', 'N', null, 'N', null, 95, 67, 6, 54, 44, 'orci eget orci vehicula condimentum curabitur in libero ut massa volutpat convallis morbi odio odio elementum', 535275, 186178, 51, 'N');
insert into dbo.dm_addresses (ref_addresses_people_id, ref_address_id, person_id, start_date, end_date, address, post_code, district, paf_authority, ward, is_in_la_area, address_type, is_contact_address, is_display_address, housing_tenure, is_hmo, oz_lga_name, oz_lga_number, oz_sla_id, oz_lhd_id, oz_hacc_id, oz_phams_id, access_notes, easting, northing, unique_id, from_dm_person) values (17, 93, 70, '1914-08-12T11:28:10Z', '2078-06-08T06:13:36Z', '8 Sloan Road', 'N4 2SB', 'Lea Bridge', null, 'Woodberry Down', 'N', null, 'N', 'N', null, 'Y', null, 50, 55, 47, 68, 13, 'nibh fusce lacus purus aliquet at feugiat non pretium quis lectus suspendisse', 532511, 187570, 32, 'Y');
insert into dbo.dm_addresses (ref_addresses_people_id, ref_address_id, person_id, start_date, end_date, address, post_code, district, paf_authority, ward, is_in_la_area, address_type, is_contact_address, is_display_address, housing_tenure, is_hmo, oz_lga_name, oz_lga_number, oz_sla_id, oz_lhd_id, oz_hacc_id, oz_phams_id, access_notes, easting, northing, unique_id, from_dm_person) values (7, 2, 78, '1926-01-29T05:48:16Z', '2069-11-16T00:23:56Z', '7729 Sloan Terrace', 'E8 1AL', 'Shacklewell', null, 'Hackney Central', 'Y', null, 'N', 'N', null, 'Y', null, 34, 14, 13, 98, 15, 'fusce posuere felis sed lacus morbi sem mauris laoreet ut', 534495, 185126, 2, 'N');
insert into dbo.dm_addresses (ref_addresses_people_id, ref_address_id, person_id, start_date, end_date, address, post_code, district, paf_authority, ward, is_in_la_area, address_type, is_contact_address, is_display_address, housing_tenure, is_hmo, oz_lga_name, oz_lga_number, oz_sla_id, oz_lhd_id, oz_hacc_id, oz_phams_id, access_notes, easting, northing, unique_id, from_dm_person) values (62, 65, 97, '1941-11-22T17:39:12Z', '2081-02-20T04:21:56Z', '7 Graceland Circle', 'N16 6YE', 'Lower Clapton', null, 'Stamford Hill West', 'N', null, 'Y', 'N', null, 'N', null, 36, 67, 35, 15, 98, 'etiam pretium iaculis justo in hac habitasse platea dictumst etiam faucibus cursus urna ut tellus nulla ut', 533517, 187126, 45, 'Y');
insert into dbo.dm_addresses (ref_addresses_people_id, ref_address_id, person_id, start_date, end_date, address, post_code, district, paf_authority, ward, is_in_la_area, address_type, is_contact_address, is_display_address, housing_tenure, is_hmo, oz_lga_name, oz_lga_number, oz_sla_id, oz_lhd_id, oz_hacc_id, oz_phams_id, access_notes, easting, northing, unique_id, from_dm_person) values (86, 57, 35, '1930-11-01T19:42:13Z', '2054-01-17T13:55:04Z', '04372 Hauk Center', 'E8 4NN', 'De Beauvoir Town', null, 'Haggerston', 'N', null, 'Y', 'N', null, 'Y', null, 36, 58, 91, 98, 91, 'aliquet maecenas leo odio condimentum id luctus nec molestie sed justo pellentesque viverra pede ac diam cras', 534084, 183956, 84, 'N');
insert into dbo.dm_addresses (ref_addresses_people_id, ref_address_id, person_id, start_date, end_date, address, post_code, district, paf_authority, ward, is_in_la_area, address_type, is_contact_address, is_display_address, housing_tenure, is_hmo, oz_lga_name, oz_lga_number, oz_sla_id, oz_lhd_id, oz_hacc_id, oz_phams_id, access_notes, easting, northing, unique_id, from_dm_person) values (54, 41, 7, '1981-06-14T15:33:50Z', '2043-08-14T11:32:05Z', '7 Jackson Junction', 'E9 6SE', 'Hackney Central', null, 'Homerton', 'N', null, 'N', 'N', null, 'N', null, 35, 40, 85, 92, 21, 'ante vestibulum ante ipsum primis in faucibus orci luctus et ultrices posuere', 535394, 184659, 72, 'Y');
insert into dbo.dm_addresses (ref_addresses_people_id, ref_address_id, person_id, start_date, end_date, address, post_code, district, paf_authority, ward, is_in_la_area, address_type, is_contact_address, is_display_address, housing_tenure, is_hmo, oz_lga_name, oz_lga_number, oz_sla_id, oz_lhd_id, oz_hacc_id, oz_phams_id, access_notes, easting, northing, unique_id, from_dm_person) values (73, 49, 88, '1964-07-24T00:29:49Z', '2081-07-06T10:37:00Z', '8045 Hollow Ridge Road', 'N1 6DA', 'Hackney Marshes', null, 'Hoxton West', 'Y', null, 'Y', 'N', null, 'N', null, 7, 21, 43, 48, 91, 'luctus et ultrices posuere cubilia curae donec pharetra magna vestibulum aliquet ultrices erat tortor sollicitudin mi sit', 533018, 182708, 64, 'Y');
insert into dbo.dm_addresses (ref_addresses_people_id, ref_address_id, person_id, start_date, end_date, address, post_code, district, paf_authority, ward, is_in_la_area, address_type, is_contact_address, is_display_address, housing_tenure, is_hmo, oz_lga_name, oz_lga_number, oz_sla_id, oz_lhd_id, oz_hacc_id, oz_phams_id, access_notes, easting, northing, unique_id, from_dm_person) values (5, 50, 21, '1925-07-18T09:02:02Z', '2075-09-26T18:15:08Z', '48 Logan Avenue', 'N1 5RZ', 'Shoreditch', null, 'Hoxton East & Shoreditch', 'Y', null, 'Y', 'Y', null, 'Y', null, 23, 11, 89, 7, 38, 'condimentum id luctus nec molestie sed justo pellentesque viverra pede ac diam cras pellentesque volutpat dui', 533300, 183600, 95, 'Y');
insert into dbo.dm_addresses (ref_addresses_people_id, ref_address_id, person_id, start_date, end_date, address, post_code, district, paf_authority, ward, is_in_la_area, address_type, is_contact_address, is_display_address, housing_tenure, is_hmo, oz_lga_name, oz_lga_number, oz_sla_id, oz_lhd_id, oz_hacc_id, oz_phams_id, access_notes, easting, northing, unique_id, from_dm_person) values (38, 53, 70, '1959-04-11T10:42:41Z', '2086-08-23T00:50:01Z', '83 Weeping Birch Drive', 'E8 3EQ', 'Stamford Hill', null, 'London Fields', 'N', null, 'Y', 'N', null, 'N', null, 97, 20, 10, 41, 95, 'morbi a ipsum integer a nibh in quis justo maecenas rhoncus aliquam lacus morbi quis tortor id', 534344, 184449, 87, 'N');
insert into dbo.dm_addresses (ref_addresses_people_id, ref_address_id, person_id, start_date, end_date, address, post_code, district, paf_authority, ward, is_in_la_area, address_type, is_contact_address, is_display_address, housing_tenure, is_hmo, oz_lga_name, oz_lga_number, oz_sla_id, oz_lhd_id, oz_hacc_id, oz_phams_id, access_notes, easting, northing, unique_id, from_dm_person) values (85, 15, 35, '1966-04-30T23:34:10Z', '2064-10-26T17:39:53Z', '00 Oneill Way', 'E8 2LJ', 'Lower Clapton', null, 'Dalston', 'Y', null, 'N', 'N', null, 'Y', null, 98, 48, 29, 71, 9, 'morbi quis tortor id nulla ultrices aliquet maecenas leo odio condimentum id luctus nec', 533950, 185102, 75, 'N');

-- add test telephone numbers
insert into dbo.dm_telephone_numbers (telephone_number_id, person_id, telephone_number, telephone_number_type) values (7, 78, '6903446318', 'Mobile');
insert into dbo.dm_telephone_numbers (telephone_number_id, person_id, telephone_number, telephone_number_type) values (100, 21, '5087280941', 'Work');
insert into dbo.dm_telephone_numbers (telephone_number_id, person_id, telephone_number, telephone_number_type) values (9, 21, '6344116355', 'Mobile');
insert into dbo.dm_telephone_numbers (telephone_number_id, person_id, telephone_number, telephone_number_type) values (7, 78, '4489769930', 'Work');
insert into dbo.dm_telephone_numbers (telephone_number_id, person_id, telephone_number, telephone_number_type) values (81, 70, '7712705477', 'House');
insert into dbo.dm_telephone_numbers (telephone_number_id, person_id, telephone_number, telephone_number_type) values (18, 19, '4457745916', 'House');
insert into dbo.dm_telephone_numbers (telephone_number_id, person_id, telephone_number, telephone_number_type) values (89, 88, '7326547202', 'Work');
insert into dbo.dm_telephone_numbers (telephone_number_id, person_id, telephone_number, telephone_number_type) values (9, 71, '4691853823', 'Mobile');
insert into dbo.dm_telephone_numbers (telephone_number_id, person_id, telephone_number, telephone_number_type) values (54, 19, '1717514648', 'Work');
insert into dbo.dm_telephone_numbers (telephone_number_id, person_id, telephone_number, telephone_number_type) values (39, 97, '6466001065', 'House');

-- add test teams
insert into dbo.sccv_team (id, name, context) values (32, 'Rutrum', 'C');
insert into dbo.sccv_team (id, name, context) values (15, 'Sodales', 'A');
insert into dbo.sccv_team (id, name, context) values (74, 'Primis', 'C');
insert into dbo.sccv_team (id, name, context) values (35, 'Aenean', 'C');
insert into dbo.sccv_team (id, name, context) values (20, 'Tristique', 'C');
insert into dbo.sccv_team (id, name, context) values (24, 'Lectus', 'A');

-- add test workers
insert into dbo.sccv_worker (id, email, first_name, last_name, role) values (21, 'zmctague0@eventbrite.com', 'Zebedee', 'McTague', 'est');
insert into dbo.sccv_worker (id, email, first_name, last_name, role) values (37, 'ceastam1@timesonline.co.uk', 'Car', 'Eastam', 'habitasse');
insert into dbo.sccv_worker (id, email, first_name, last_name, role) values (98, 'cpendlington2@fc2.com', 'Chris', 'Pendlington', 'vel');
insert into dbo.sccv_worker (id, email, first_name, last_name, role) values (36, 'ysenten3@so-net.ne.jp', 'Yvonne', 'Senten', 'porttitor');
insert into dbo.sccv_worker (id, email, first_name, last_name, role) values (46, 'rbrogan4@google.cn', 'Raff', 'Brogan', 'proin');
insert into dbo.sccv_worker (id, email, first_name, last_name, role) values (91, 'bhadfield5@fc2.com', 'Basilio', 'Hadfield', 'non');
insert into dbo.sccv_worker (id, email, first_name, last_name, role) values (74, 'abodocs6@statcounter.com', 'Andras', 'Bodocs', 'sollicitudin');
insert into dbo.sccv_worker (id, email, first_name, last_name, role) values (50, 'twinkworth7@biblegateway.com', 'Taddeusz', 'Winkworth', 'volutpat');
insert into dbo.sccv_worker (id, email, first_name, last_name, role) values (39, 'idorgan8@washingtonpost.com', 'Ingamar', 'Dorgan', 'pretium');
insert into dbo.sccv_worker (id, email, first_name, last_name, role) values (18, 'medmead9@weebly.com', 'Martina', 'Edmead', 'aliquam');

-- add worker teams
insert into dbo.sccv_workerteam (id, worker_id, team_id) values (35, 21, 35);
insert into dbo.sccv_workerteam (id, worker_id, team_id) values (6, 37, 15);
insert into dbo.sccv_workerteam (id, worker_id, team_id) values (11, 98, 74);
insert into dbo.sccv_workerteam (id, worker_id, team_id) values (33, 36, 15);
insert into dbo.sccv_workerteam (id, worker_id, team_id) values (73, 46, 35);
insert into dbo.sccv_workerteam (id, worker_id, team_id) values (29, 91, 35);
insert into dbo.sccv_workerteam (id, worker_id, team_id) values (87, 74, 32);
insert into dbo.sccv_workerteam (id, worker_id, team_id) values (92, 50, 24);
insert into dbo.sccv_workerteam (id, worker_id, team_id) values (56, 39, 24);
insert into dbo.sccv_workerteam (id, worker_id, team_id) values (95, 18, 20);
